<?xml version="1.0" encoding="utf-8"?>
<!--

Semen Popov - Yakutsk
пока только huntingground

-->
<providers>

	<provider id="3107777" type="1" visible="true" background="-1">
		<name>Sakhagis</name>
		<mode>Sakha Hunting</mode>
		<countries>Russia</countries>
		<usage>hiking</usage>
		<url><![CDATA[https://sakhagis.ru/tiles/hunting-ground/{z}/{y}/{x}.png]]></url>
		<zoomPart>{z}-8</zoomPart>
		<zoomMin>12</zoomMin>
		<zoomMax>21</zoomMax>
		<tileSize>256</tileSize>
	</provider>
</providers>
